path,language,bytes
experiments/individuality/scripts/verify_package.py,py,611
experiments/individuality/src/pohang_stage1_individuality/cli.py,py,7454
experiments/individuality/src/pohang_stage1_individuality/io.py,py,4515
experiments/individuality/tests/test_stage1_individuality.py,py,2993
experiments/stage1-v21/src/pohang_main_v2/cli.py,py,29257
experiments/stage1-v21/src/pohang_main_v2/io.py,py,8531
experiments/stage1-v21/src/pohang_stage1_v21/audit.py,py,5841
experiments/stage1-v21/src/pohang_stage1_v21/cli.py,py,14648
experiments/stage1-v21/src/pohang_stage1_v21/gates.py,py,5083
experiments/stage1-v21/src/pohang_stage1_v21/modeling.py,py,18763
experiments/stage1-v21/src/pohang_stage1_v21/__init__.py,py,22
experiments/stage1-v21/tests/test_category_residual_v2.py,py,7266
experiments/stage1-v21/tests/test_stage1_dynamic_v21.py,py,3077
experiments/stage1-v22/src/pohang_main_v2/io.py,py,8127
experiments/stage1-v22/src/pohang_main_v2/utils.py,py,6527
experiments/stage1-v22/src/pohang_stage1_v22/cli.py,py,20443
experiments/stage1-v22/tests/test_stage1_v22.py,py,6639
experiments/stage1-v23/src/pohang_main_v2/io.py,py,8416
experiments/stage1-v23/src/pohang_stage1_v23/ablation.py,py,11643
experiments/stage1-v23/src/pohang_stage1_v23/cli.py,py,10450
experiments/stage1-v23/src/pohang_stage1_v23/gates.py,py,2627
experiments/stage1-v23/src/pohang_stage1_v23/modeling.py,py,2860
experiments/stage1-v23/src/pohang_stage1_v23/selection.py,py,12483
experiments/stage1-v23/src/pohang_stage1_v23/__init__.py,py,22
experiments/stage1-v23/tests/test_stage1_v22.py,py,5262
experiments/stage1-v23/tests/test_stage1_v23.py,py,2155
experiments/stage2-v3/src/pohang_main_v2/io.py,py,8408
experiments/stage2-v3/tests/test_stage2_adaptive_v3.py,py,4673
experiments/stage2-v4/src/pohang_main_v2/io.py,py,8747
experiments/stage2-v4/src/pohang_stage2_bias_structure_v4/bias.py,py,5327
experiments/stage2-v4/src/pohang_stage2_bias_structure_v4/cli.py,py,7956
experiments/stage2-v4/src/pohang_stage2_bias_structure_v4/evaluate.py,py,6423
experiments/stage2-v4/src/pohang_stage2_bias_structure_v4/gates.py,py,4110
experiments/stage2-v4/src/pohang_stage2_bias_structure_v4/models.py,py,4608
experiments/stage2-v4/src/pohang_stage2_bias_structure_v4/structure.py,py,2971
experiments/stage2-v4/src/pohang_stage2_bias_structure_v4/tournament.py,py,12037
experiments/stage2-v4/src/pohang_stage2_bias_structure_v4/__init__.py,py,22
experiments/stage2-v4/tests/test_stage2_adaptive_v3.py,py,3606
experiments/stage2-v4/tests/test_stage2_bias_structure_v4.py,py,3981
scripts/run_all.py,py,349
scripts/smoke_test.py,py,373
scripts/verify_inputs.py,py,352
src/pohang_donor_models/cli.py,py,8956
src/pohang_donor_models/config.py,py,912
src/pohang_donor_models/diagnostics.py,py,9791
src/pohang_donor_models/io.py,py,8386
src/pohang_donor_models/modeling.py,py,16868
src/pohang_donor_models/plots.py,py,3674
src/pohang_donor_models/utils.py,py,6185
src/pohang_donor_models/__init__.py,py,70
src/pohang_donor_models/pipelines/feature_gate.py,py,6107
src/pohang_donor_models/pipelines/gyeonggi_age.py,py,11166
src/pohang_donor_models/pipelines/gyeonggi_flow.py,py,11765
src/pohang_donor_models/pipelines/gyeonggi_time.py,py,13829
src/pohang_donor_models/pipelines/seoul_commercial.py,py,25602
src/pohang_donor_models/pipelines/__init__.py,py,40
tests/test_diagnostics.py,py,2158
tests/test_feature_gate.py,py,1363
tests/test_utils.py,py,806
